game,id,title,image,credit,date
Alpaca Stacka,1,All Icons,All Icons.webp,,2026-09-12
Alpaca Stacka,2,Chase,Chase.webp,,2026-09-12
Alpaca Stacka,3,Cheri,Cheri.webp,,2026-09-12
Alpaca Stacka,4,Cheryl,Cheryl.webp,,2026-09-12
Alpaca Stacka,5,Chirpy,Chirpy.webp,,2026-09-12
Alpaca Stacka,6,Choco,Choco.webp,,2026-09-12
Alpaca Stacka,7,Credits 1,Credits 1.webp,,2026-09-12
Alpaca Stacka,8,Credits 2,Credits 2.webp,,2026-09-12
Alpaca Stacka,9,Credits 3,Credits 3.webp,,2026-09-12
Alpaca Stacka,10,Credits 4,Credits 4.webp,,2026-09-12
Alpaca Stacka,11,Credits 5,Credits 5.webp,,2026-09-12
Alpaca Stacka,12,Info Box,Info Box.webp,,2026-09-12
Alpaca Stacka,13,Intro 1,Intro 1.webp,,2026-09-12
Alpaca Stacka,14,Intro 2,Intro 2.webp,,2026-09-12
Alpaca Stacka,15,Intro 3,Intro 3.webp,,2026-09-12
Alpaca Stacka,16,Intro 4,Intro 4.webp,,2026-09-12
Alpaca Stacka,17,Intro 5,Intro 5.webp,,2026-09-12
Alpaca Stacka,18,Mama Hen,Mama Hen.webp,,2026-09-12
Alpaca Stacka,19,Outro 1,Outro 1.webp,,2026-09-12
Alpaca Stacka,20,Outro 2,Outro 2.webp,,2026-09-12
Alpaca Stacka,21,Outro 3,Outro 3.webp,,2026-09-12
Alpaca Stacka,22,Outro 4,Outro 4.webp,,2026-09-12
Aniimo,1,Chirpi Emote,Chirpi Emote.webp,,2026-09-29
Aniimo,2,Cornet Emote,Cornet Emote.webp,,2026-09-29
Aniimo,3,Tromber Emote,Tromber Emote.webp,,2026-09-29
Badland,1,Bird,Bird.webp,,2026-09-12
Badland,2,Kiwi,Kiwi.webp,,2026-09-24
Badland,3,Owl 1,Owl 1.webp,,2026-09-10
Badland,4,Owl 2,Owl 2.webp,,2026-09-24
Badland,5,Owl 3,Owl 3.webp,,2026-09-24
Badland,6,Owl 4,Owl 4.webp,,2026-09-10
Badland,7,Owl 5,Owl 5.webp,,2026-09-10
Badland,8,Toucan,Toucan.webp,,2026-09-12
Bloons TD 6,1,Another Brick Map,Another Brick Map.webp,KiwiPowerGreen,2026-08-02
Bloons TD 6,2,Banana Farm Chicken Pet,Banana Farm Chicken Pet.webp,,2026-08-02
Bloons TD 6,3,Bazaar Map Secret,Bazaar Map Secret.webp,,2026-09-27
Bloons TD 6,4,Beast Friends Forever Avatar,Beast Friends Forever Avatar.webp,,2026-09-27
Bloons TD 6,5,Beast Handler Giant Condor,Beast Handler Giant Condor.webp,,2026-08-02
Bloons TD 6,6,Beast Handler Golden Eagle,Beast Handler Golden Eagle.webp,,2026-08-02
Bloons TD 6,7,Beast Handler Gyrfalcon,Beast Handler Gyrfalcon.webp,,2026-08-02
Bloons TD 6,8,Beast Handler Horned Owl,Beast Handler Horned Owl.webp,,2026-08-02
Bloons TD 6,9,Beast Handler Pouākai,Beast Handler Pouākai.webp,,2026-08-02
Bloons TD 6,10,Bloody Puddles Map Secret,Bloody Puddles Map Secret.webp,,2026-09-27
Bloons TD 6,11,Blossom Temple Banner,Blossom Temple Banner.webp,X_gamerXD17,2026-08-02
Bloons TD 6,12,Brickell Parrot Pet,Brickell Parrot Pet.webp,,2026-08-02
Bloons TD 6,13,Cheaper Lakes Monkey Knowledge,Cheaper Lakes Monkey Knowledge.webp,,2026-08-03
Bloons TD 6,14,Collection Event Totem,Collection Event Totem.webp,,2026-09-27
Bloons TD 6,15,Corvus Owl Pet,Corvus Owl Pet.webp,,2026-08-02
Bloons TD 6,16,Farm Chicken Banner,Farm Chicken Banner.webp,,2026-08-02
Bloons TD 6,17,Heli Pilot Humming Bird Pet,Heli Pilot Humming Bird Pet.webp,,2026-08-02
Bloons TD 6,18,Lotus Island Map,Lotus Island Map.webp,,2026-08-02
Bloons TD 6,19,Magical Christmas Banner,Magical Christmas Banner.webp,X_gamerXD17,2026-09-27
Bloons TD 6,20,Magpie DDT,Magpie DDT.webp,,2026-08-02
Bloons TD 6,21,Magus Perfectus Dark Phoenix,Magus Perfectus Dark Phoenix.webp,,2026-08-02
Bloons TD 6,22,Main Menu Easter Heli,Main Menu Easter Heli.webp,,2026-09-27
Bloons TD 6,23,Main Menu Totem,Main Menu Totem.webp,X_gamerXD17,2026-08-02
Bloons TD 6,24,Map Editor Penguin,Map Editor Penguin.webp,,2026-08-02
Bloons TD 6,25,Map Editor Pigeon,Map Editor Pigeon.webp,,2026-08-02
Bloons TD 6,26,Monkey Sub Rubber Ducky Pet,Monkey Sub Rubber Ducky Pet.webp,,2026-08-02
Bloons TD 6,27,Ninja Kiwi Logo,Ninja Kiwi Logo.webp,,2026-09-27
Bloons TD 6,28,Ninja Ninja Kiwi Pet,Ninja Ninja Kiwi Pet.webp,,2026-08-02
Bloons TD 6,29,Pack Of Pets Avatar,Pack of Pets Avatar.webp,,2026-09-27
Bloons TD 6,30,Pat Fusty Penguin Pet,Pat Fusty Penguin Pet.webp,,2026-08-02
Bloons TD 6,31,Penguin Friend Avatar,Penguin Friend Avatar.webp,,2026-09-27
Bloons TD 6,32,Pet Frenzy Banner,Pet Frenzy Banner.webp,X_gamerXD17,2026-08-02
Bloons TD 6,33,Portable Lake Power,Portable Lake Power.webp,-Banix-,2026-08-02
Bloons TD 6,34,Portable Lake Pro Power Hoverducky,Portable Lake Pro Power Hoverducky.webp,,2026-09-27
Bloons TD 6,35,Portable Lake Pro Power Luxury,Portable Lake Pro Power Luxury.webp,,2026-09-27
Bloons TD 6,36,Portable Lake Pro Power Quacken,Portable Lake Pro Power Quacken.webp,,2026-09-27
Bloons TD 6,37,Portable Lake Pro Power Radioactive,Portable Lake Pro Power Radioactive.webp,,2026-09-27
Bloons TD 6,38,Portable Lake Pro Power Spa,Portable Lake Pro Power Spa.webp,,2026-09-27
Bloons TD 6,39,Portable Lake Pro Power,Portable Lake Pro Power.webp,,2026-09-27
Bloons TD 6,40,Portable Lava Lake Power,Portable Lava Lake Power.webp,,2026-08-03
Bloons TD 6,41,Prestigious Beast Handler Banner,Prestigious Beast Handler Banner.webp,,2026-08-02
Bloons TD 6,42,Rogue Legends Cornered Beasts Artifact,Rogue Legends Cornered Beasts Artifact.webp,,2026-09-28
Bloons TD 6,43,Rogue Legends Duckaggedon,Rogue Legends Duckaggedon.webp,qwertyxp2000,2026-08-02
Bloons TD 6,44,Rogue Legends Portability Artifact,Rogue Legends Portability Artifact.webp,,2026-08-03
Bloons TD 6,45,Sauda Crane Pet,Sauda Crane Pet.webp,,2026-08-02
Bloons TD 6,46,Skates Map,Skates Map.webp,SaltinaSketches,2026-08-02
Bloons TD 6,47,Sugar Rush Boost Power,Sugar Rush Boost Power.webp,,2026-08-03
Bloons TD 6,48,Teams Cheeping Chick,Teams Cheeping Chick.webp,,2026-09-27
Bloons TD 6,49,Teams Christmas Cardinal,Teams Christmas Cardinal.webp,JoelTheBloonsMonkey,2026-08-02
Bloons TD 6,50,Teams Flying Phoenix,Teams Flying Phoenix.webp,JoelTheBloonsMonkey,2026-08-02
Bloons TD 6,51,Teams Kung Fu Ninja Kiwi,Teams Kung Fu Ninja Kiwi.webp,,2026-09-27
Bloons TD 6,52,Teams Soaring Seagull,Teams Soaring Seagull.webp,JoelTheBloonsMonkey,2026-08-02
Bloons TD 6,53,The Admiral And The Doves Avatar,The Admiral and the Doves Avatar.webp,JoelTheBloonsMonkey,2026-08-02
Bloons TD 6,54,The Gang's All Here Banner,The Gang's All Here Banner.webp,,2026-08-02
Bloons TD 6,55,Tricky Tracks Map,Tricky Tracks Map.webp,,2026-08-02
Bloons TD 6,56,Wistful Quincy Banner,Wistful Quincy Banner.webp,,2026-09-27
Bloons TD 6,57,Wizard Lord Phoenix Banner,Wizard Lord Phoenix Banner.webp,,2026-08-02
Bloons TD 6,58,Wizard Lord Phoenix,Wizard Lord Phoenix.webp,,2026-08-02
Bloons TD 6,59,Wizard Summon Phoenix,Wizard Summon Phoenix.webp,,2026-08-02
Celeste,1,Birb,Birb.webp,,2026-08-20
Celeste,2,Ch1 Completion,Ch1 Completion.webp,,2026-08-20
Celeste,3,Ch1 Crystal Heart Puzzle,Ch1 Crystal Heart Puzzle.webp,,2026-08-20
Celeste,4,Ch3 B-Side Secret,Ch3 B-Side Secret.webp,lord_junkfood,2026-08-21
Celeste,5,Ch5 B-Side Secret,Ch5 B-Side Secret.webp,MrrHyyde,2026-08-21
Celeste,6,Ch6 Completion,Ch6 Completion.webp,,2026-08-20
Celeste,7,Ch6 Secret,Ch6 Secret.webp,Odyss3y__,2026-09-30
Celeste,8,Ch7 Credits,Ch7 Credits.webp,ThreeAndAQuarter,2026-08-22
Celeste,9,Ch7 Opening,Ch7 Opening.webp,,2026-09-26
Celeste,10,Ch9 BerryOS Cursor,Ch9 BerryOS Cursor.webp,Dr_P1xels,2026-08-21
Celeste,11,Ch9 Birb Fling Tech,Ch9 Birb Fling Tech.webp,Dr_P1xels,2026-08-21
Celeste,12,Ch9 Farewell Icon,Ch9 Farewell Icon.webp,,2026-09-26
Celeste,13,Ch9 Granny's Coat Pin,Ch9 Granny's Coat Pin.webp,,2026-09-30
Celeste,14,Ch9 Moon Birb,Ch9 Moon Birb.webp,Agreeable-Choice1398,2026-09-29
Celeste,15,Ch9 Wavedashing PPT,Ch9 Wavedashing PPT.webp,Dr_P1xels,2026-08-21
Celeste,16,Epilogue Birds Nest,Epilogue Birds Nest.webp,Dr_P1xels,2026-08-21
Celeste,17,Epilogue Hut,Epilogue Hut.webp,,2026-08-20
Celeste,18,Progress Journal,Progress Journal.webp,Immortal_ceiling_fan,2026-09-30
Celeste,19,Prologue Secret,Prologue Secret.webp,bobthemighty_,2026-08-21
Clash Royale,1,Chicken Crown Emote,Chicken Crown Emote.webp,,2026-09-27
Clash Royale,2,Clashing Squads Decoration,Clashing Squads Decoration.webp,,2026-09-27
Clash Royale,3,Cooling Off 2 Decoration,Cooling Off 2 Decoration.webp,,2026-09-27
Clash Royale,4,Feathered Friend Decoration,Feathered Friend Decoration.webp,,2026-09-27
Clash Royale,5,Fightening Forest Banner,Fightening Forest Banner.webp,,2026-09-28
Clash Royale,6,Floating Islands Banner,Floating Islands Banner.webp,,2026-09-28
Clash Royale,7,Golden Eggs Banner,Golden Eggs Banner.webp,,2026-09-28
Clash Royale,8,High Noon Banner,High Noon Banner.webp,,2026-09-27
Clash Royale,9,Mega Chicken Decoration,Mega Chicken Decoration.webp,,2026-09-27
Clash Royale,10,Paper Phoenix Decoration,Paper Phoenix Decoration.webp,,2026-09-27
Clash Royale,11,Phoenix Bowling Emote,Phoenix Bowling Emote.webp,,2026-09-27
Clash Royale,12,Phoenix Decoration,Phoenix Decoration.webp,,2026-09-27
Clash Royale,13,Phoenix Eggcrown Emote,Phoenix Eggcrown Emote.webp,,2026-09-27
Clash Royale,14,Phoenix Hatching Decoration,Phoenix Hatching Decoration.webp,,2026-09-27
Clash Royale,15,Phoenix Ingame,Phoenix Ingame.webp,,2026-09-29
Clash Royale,16,Pistols At Sundown Banner,Pistols at Sundown Banner.webp,,2026-09-27
Clash Royale,17,Spring Chicken Decoration,Spring Chicken Decoration.webp,,2026-09-27
Clash Royale,18,Squad Busting Decoration,Squad Busting Decoration.webp,,2026-09-27
Clash Royale,19,Super Paper Phoenix Decoration,Super Paper Phoenix Decoration.webp,,2026-09-27
Clash Royale,20,Surprise Decoration,Surprise Decoration.webp,,2026-09-27
Clash Royale,21,Tesla Of Terror Banner,Tesla of Terror Banner.webp,,2026-09-27
Clash Royale,22,The Long Road Banner,The Long Road Banner.webp,,2026-09-28
Clash Royale,23,Volatile Volcano Banner,Volatile Volcano Banner.webp,,2026-09-27
Clash Royale,24,Wonderous World Banner,Wonderous World Banner.webp,,2026-09-28
CookieRun Crumble,1,Blueberry Bird Profile Icon,Blueberry Bird Profile Icon.webp,,2026-09-29
CookieRun Crumble,2,Blueberry Birds Ambience,Blueberry Birds Ambience.webp,badatgamess,2026-09-30
CookieRun Crumble,3,Blueberry Guild Emblem,Blueberry Guild Emblem.webp,,2026-09-29
CookieRun Crumble,4,C Blueberry Bird Cookie,C Blueberry Bird Cookie.webp,,2026-09-29
CookieRun Crumble,5,CCC Chicken Boss,CCC Chicken Boss.webp,,2026-09-29
CookieRun Crumble,6,Cream Eagle Boss,Cream Eagle Boss.webp,,2026-09-29
CookieRun Crumble,7,Crumb Clash Duck,Crumb Clash Duck.webp,,2026-09-30
CookieRun Crumble,8,Cuckoo Town Square Map Statue,Cuckoo Town Square Map Statue.webp,,2026-09-29
CookieRun Crumble,9,Pet Shelter,Pet Shelter.webp,,2026-09-29
CookieRun Crumble,10,Petty Villains' Alliance Protest Note,Petty Villains' Alliance Protest Note.webp,,2026-09-29
CookieRun Crumble,11,R Cloud Pelican Pet,R Cloud Pelican Pet.webp,,2026-09-29
CookieRun Crumble,12,Rumble Arena Elite Master Icon,Rumble Arena Elite Master Icon.webp,badatgamess,2026-09-30
CookieRun Crumble,13,Rumble Arena Tier Patch,Rumble Arena Tier Patch.webp,,2026-09-29
CookieRun Crumble,14,SR Ice Birdie Pet,SR Ice Birdie Pet.webp,,2026-09-29
CookieRun Crumble,15,SR Macaron Cookie,SR Macaron Cookie.webp,,2026-09-29
CookieRun Crumble,16,SR Owlcorn Pet,SR Owlcorn Pet.webp,,2026-09-29
CookieRun Crumble,17,SSR Angrybeak Pet,SSR Angrybeak Pet.webp,,2026-09-29
CookieRun Crumble,18,SSR Bonbon Birdy Pet,SSR Bonbon Birdy Pet.webp,,2026-09-29
CookieRun Crumble,19,SSR Eggbeak Pet,SSR Eggbeak Pet.webp,,2026-09-29
CookieRun Crumble,20,SSR Kiwi Bird Pet,SSR Kiwi Bird Pet.webp,,2026-09-29
CookieRun Crumble,21,SSR Mango Toucan Pet,SSR Mango Toucan Pet.webp,,2026-09-29
CookieRun Crumble,22,Tainted Pomegranate Crow Boss,Tainted Pomegranate Crow Boss.webp,,2026-09-29
CookieRun Crumble,23,TSSR Wind Archer Cookie's Last Wind,TSSR Wind Archer Cookie's Last Wind.webp,,2026-09-29
Crack Mountain,1,Blu's Duck,Blu's Duck.webp,,2026-09-04
Crack Mountain,2,Pelican,Pelican.webp,,2026-09-04
Death's Door,1,Agatha,Agatha.webp,,2026-09-09
Death's Door,2,Ancient Door Spirit,Ancient Door Spirit.webp,,2026-09-09
Death's Door,3,Badger,Badger.webp,,2026-09-09
Death's Door,4,Baul Plart,Baul Plart.webp,,2026-09-09
Death's Door,5,Bird Brain Pillars,Bird Brain Pillars.webp,,2026-09-10
Death's Door,6,Bomb Spirit,Bomb Spirit.webp,,2026-09-10
Death's Door,7,Chandler,Chandler.webp,,2026-09-09
Death's Door,8,Clever Grunt's Mask,Clever Grunt's Mask.webp,,2026-09-24
Death's Door,9,Completion,Completion.webp,,2026-09-25
Death's Door,10,Corvus,Corvus.webp,,2026-09-10
Death's Door,11,Darwin,Darwin.webp,,2026-09-09
Death's Door,12,Door,Door.webp,,2026-09-09
Death's Door,13,Drunk Crow,Drunk Crow.webp,,2026-09-10
Death's Door,14,Emblem On Walls,Emblem on Walls.webp,,2026-09-10
Death's Door,15,Flame Spirit,Flame Spirit.webp,,2026-09-09
Death's Door,16,Free Soul,Free Soul.webp,,2026-09-10
Death's Door,17,Frost Ancient Door Spirit,Frost Ancient Door Spirit.webp,,2026-09-10
Death's Door,18,Grey Crow,Grey Crow.webp,,2026-09-09
Death's Door,19,Haste Upgrade,Haste Upgrade.webp,,2026-09-24
Death's Door,20,Hookshot Spirit,Hookshot Spirit.webp,,2026-09-10
Death's Door,21,Jackdaw,Jackdaw.webp,,2026-09-10
Death's Door,22,Magic Shrine,Magic Shrine.webp,,2026-09-09
Death's Door,23,Magic Upgrade,Magic Upgrade.webp,,2026-09-24
Death's Door,24,Magical Owl,Magical Owl.webp,,2026-09-11
Death's Door,25,Navigation Sign,Navigation Sign.webp,,2026-09-10
Death's Door,26,Other Crows In Settlements,Other Crows in Settlements.webp,,2026-09-10
Death's Door,27,Owl Doorway,Owl Doorway.webp,,2026-09-24
Death's Door,28,Owl Statue,Owl Statue.webp,,2026-09-10
Death's Door,29,Poison Bomber,Poison Bomber.webp,,2026-09-10
Death's Door,30,Poster,Poster.webp,,2026-09-09
Death's Door,31,Raven,Raven.webp,,2026-09-10
Death's Door,32,Reaper Slurping Soup,Reaper Slurping Soup.webp,,2026-09-24
Death's Door,33,Rook,Rook.webp,,2026-09-10
Death's Door,34,Statue,Statue.webp,,2026-09-10
Death's Door,35,Strength Upgrade,Strength Upgrade.webp,,2026-09-24
Death's Door,36,The Grey Crow,The Grey Crow.webp,,2026-09-10
Death's Door,37,The Reaper,The Reaper.webp,,2026-09-09
Death's Door,38,Tree Bird Shrine,Tree Bird Shrine.webp,,2026-09-10
Death's Door,39,True Ending 1,True Ending 1.webp,,2026-09-11
Death's Door,40,True Ending 2,True Ending 2.webp,,2026-09-11
Death's Door,41,True Ending 3,True Ending 3.webp,,2026-09-11
Death's Door,42,Upgrade Panel,Upgrade Panel.webp,,2026-09-24
Death's Door,43,Vaga,Vaga.webp,,2026-09-09
Death's Door,44,Vitality Shrine,Vitality Shrine.webp,,2026-09-09
Death's Door,45,Warrior Enemy,Warrior Enemy.webp,,2026-09-24
Death's Door,46,Weapon Icon,Weapon Icon.webp,,2026-09-24
Enter the Gungeon,1,Gatling Gull Mini Birds,Gatling Gull Mini Birds.webp,,2026-10-03
Enter the Gungeon,2,Gatling Gull Painting,Gatling Gull Painting.webp,,2026-10-03
Enter the Gungeon,3,Gatling Gull,Gatling Gull.webp,,2026-10-03
Enter the Gungeon,4,Gigi,Gigi.webp,,2026-10-03
Exit the Gungeon,1,Gigi,Gigi.webp,,2026-10-03
Flappy Bird,1,Blue Flappy Bird,Blue Flappy Bird.webp,,2026-09-24
Flappy Bird,2,Bronze Medal,Bronze Medal.webp,,2026-09-24
Flappy Bird,3,Gold Medal,Gold Medal.webp,,2026-09-24
Flappy Bird,4,Main Screen,Main Screen.webp,,2026-09-24
Flappy Bird,5,Original Flappy Bird,Original Flappy Bird.webp,,2026-09-24
Flappy Bird,6,Platinum Medal,Platinum Medal.webp,,2026-09-24
Flappy Bird,7,Red Flappy Bird,Red Flappy Bird.webp,,2026-09-24
Flappy Bird,8,Silver Medal,Silver Medal.webp,,2026-09-24
Forager,1,Bird Friend Head,Bird Friend Head.webp,,2026-09-24
Forager,2,Chicken Pet,Chicken Pet.webp,,2026-09-24
Forager,3,Chicken,Chicken.webp,,2026-06-19
Forager,4,Coloring Book 1,Coloring Book 1.webp,,2026-06-22
Forager,5,Coloring Book 2,Coloring Book 2.webp,,2026-09-24
Forager,6,Coloring Book 3,Coloring Book 3.webp,,2026-09-24
Forager,7,Coloring Book 4,Coloring Book 4.webp,,2026-09-24
Forager,8,Coloring Book 5,Coloring Book 5.webp,,2026-09-24
Forager,9,Coloring Book 6,Coloring Book 6.webp,,2026-09-24
Forager,10,Comic #1 1,Comic #1 1.webp,,2026-06-22
Forager,11,Comic #1 2,Comic #1 2.webp,,2026-06-22
Forager,12,Comic #1 3,Comic #1 3.webp,,2026-06-22
Forager,13,Comic #2 1,Comic #2 1.webp,,2026-06-22
Forager,14,Comic #2 2,Comic #2 2.webp,,2026-06-22
Forager,15,Comic #2 3,Comic #2 3.webp,,2026-06-22
Forager,16,Comic #2 4,Comic #2 4.webp,,2026-06-22
Forager,17,Comic #2 5,Comic #2 5.webp,,2026-06-22
Forager,18,How I Made Forager 1,How I Made Forager 1.webp,,2026-09-24
Forager,19,How I Made Forager 2,How I Made Forager 2.webp,,2026-09-24
Forager,20,Old People Helper Feat,Old People Helper Feat.webp,,2026-06-19
Forager,21,Roosty Droid,Roosty Droid.webp,,2026-09-24
Forager,22,Snow Droid,Snow Droid.webp,,2026-09-24
Gris,1,Blue Birds,Blue Birds.webp,,2026-09-24
Gris,2,Darkness Bird Form,Darkness Bird Form.webp,,2026-07-30
Gris,3,Magical Crow,Magical Crow.webp,,2026-09-24
Gris,4,Magical Fowls,Magical Fowls.webp,Kvesh,2026-08-18
Gris,5,Red Birds,Red Birds.webp,,2026-09-24
Gris,6,Sparrows,Sparrows.webp,,2026-07-30
Gris,7,Swans,Swans.webp,,2026-08-18
Hades,1,Athena's Owl Pendant Keepsake,Athena's Owl Pendant Keepsake.webp,,2026-09-30
Hades 2,1,Artemis's Quails,Artemis's Quails.webp,Cyndaquil12521,2026-08-05
Hades 2,2,Bronzebeak,Bronzebeak.webp,,2026-08-05
Hades 2,3,Crossroads Black-headed Birds,Crossroads Black-headed Birds.webp,,2026-08-05
Hades 2,4,Crossroads Brown Birds,Crossroads Brown Birds.webp,,2026-08-05
Hades 2,5,Crossroads White Birds,Crossroads White Birds.webp,,2026-08-05
Hades 2,6,Prometheus's Aethos,Prometheus's Aethos.webp,,2026-08-05
Hades 2,7,Raki Chthonic Skin,Raki Chthonic Skin.webp,,2026-08-05
Hades 2,8,Raki Moon-Touched Skin,Raki Moon-Touched Skin.webp,,2026-08-05
Hades 2,9,Raki Nightmarish Skin,Raki Nightmarish Skin.webp,,2026-08-05
Hades 2,10,Raki Phoenix Skin,Raki Phoenix Skin.webp,,2026-08-05
Hades 2,11,Raki Stone Bond,Raki Stone Bond.webp,,2026-08-05
Hades 2,12,Raki Vernal Skin,Raki Vernal Skin.webp,,2026-08-05
Hades 2,13,Raki Vision Bond,Raki Vision Bond.webp,,2026-08-05
Hades 2,14,Raki Wing Bond,Raki Wing Bond.webp,,2026-08-05
Hades 2,15,Raki,Raki.webp,,2026-08-05
Hades 2,16,Raven Decoration,Raven Decoration.webp,,2026-08-05
Hades 2,17,Strength Arcana Card,Strength Arcana Card.webp,,2026-08-05
Hades 2,18,The Enchantress Arcana Card,The Enchantress Arcana Card.webp,,2026-08-05
Hades 2,19,The Huntress Arcana Card,The Huntress Arcana Card.webp,,2026-08-05
Hades 2,20,The Lovers Arcana Card,The Lovers Arcana Card.webp,,2026-08-05
Hollow Knight Silksong,1,Brushflit,Brushflit.webp,Radiumbird,2026-09-30
Hollow Knight Silksong,2,Craw Juror,Craw Juror.webp,,2026-09-30
Hollow Knight Silksong,3,Craw Summons Key,Craw Summons Key.webp,,2026-09-30
Hollow Knight Silksong,4,Craw,Craw.webp,,2026-09-30
Hollow Knight Silksong,5,Crawfather,Crawfather.webp,,2026-09-30
Hollow Knight Silksong,6,Driftlin,Driftlin.webp,,2026-09-30
Hollow Knight Silksong,7,Fayforn,Fayforn.webp,,2026-09-30
Hollow Knight Silksong,8,Scarecraw Greymoor,Scarecraw Greymoor.webp,NinFan-64,2026-09-30
Hollow Knight Silksong,9,Squatcraw Juror,Squatcraw Juror.webp,,2026-09-30
Hollow Knight Silksong,10,Squatcraw,Squatcraw.webp,,2026-09-30
Hollow Knight Silksong,11,Tallcraw Juror,Tallcraw Juror.webp,,2026-09-30
Hollow Knight Silksong,12,Tallcraw,Tallcraw.webp,,2026-09-30
Journey,1,Birds Mural,Birds Mural.webp,,2026-09-27
Just Shapes & Beats,1,Completion,Completion.webp,,2026-09-29
Kingdom Rush,1,Map Vulture,Map Vulture.webp,,2026-09-29
Kingdom Rush 2 Frontiers,1,Archer T4 Falconer,Archer T4 Falconer.webp,,2026-10-01
Kingdom Rush 2 Frontiers,2,Buccaneer's Den Toucan,Buccaneer's Den Toucan.webp,,2026-10-01
Kingdom Rush 2 Frontiers,3,Comic,Comic.webp,,2026-10-01
Kingdom Rush 2 Frontiers,4,Dunes Of Despair Vulture,Dunes of Despair Vulture.webp,,2026-10-01
Kingdom Rush 2 Frontiers,5,Map Desert Vulture,Map Desert Vulture.webp,,2026-10-01
Kingdom Rush 2 Frontiers,6,Map Jungle Birds,Map Jungle Birds.webp,,2026-10-01
Kingdom Rush 2 Frontiers,7,Sandhawk Hamlet Chickens,Sandhawk Hamlet Chickens.webp,,2026-10-01
Kingdom Rush 3 Origins,1,Comic,Comic.webp,,2026-10-03
Kingdom Rush 3 Origins,2,Gray Ravens Bird Boat,Gray Ravens Bird Boat.webp,,2026-10-03
Kingdom Rush 3 Origins,3,Gryphon Point Eagle,Gryphon Point Eagle.webp,,2026-10-03
Kingdom Rush 3 Origins,4,Gryphon Point Gryphon,Gryphon Point Gryphon.webp,,2026-10-03
Kingdom Rush 3 Origins,5,Map Eagle Statue,Map Eagle Statue.webp,,2026-10-03
Kingdom Rush 3 Origins,6,Map Eagle,Map Eagle.webp,,2026-10-03
Kingdom Rush 3 Origins,7,Waterfalls Trail Flamingo,Waterfalls Trail Flamingo.webp,,2026-10-03
Kingdom Rush 4 Vengeance,1,Shadow Archers T4 Crow's Nest,Shadow Archers T4 Crow's Nest.webp,,2026-10-03
Kingdom Rush 5 Alliance,1,Comic,Comic.webp,,2026-09-30
Kingdom Rush 5 Alliance,2,Enemy Patrolling Vultures,Enemy Patrolling Vultures.webp,,2026-09-30
Kingdom Rush 5 Alliance,3,Map Birds,Map Birds.webp,,2026-09-30
Kingdom Rush 5 Alliance,4,Map Owl Tree,Map Owl Tree.webp,,2026-09-30
Kingdom Rush 5 Alliance,5,Owl Tree,Owl Tree.webp,,2026-09-30
Kingdom Rush 5 Alliance,6,Royal Archer T4 Rapacious Hunter,Royal Archer T4 Rapacious Hunter.webp,,2026-09-30
Kingdom Rush 6 Genesis,1,Archer Garrison T4 Eye In The Sky,Archer Garrison T4 Eye in the Sky.webp,,2026-09-30
Kingdom Rush 6 Genesis,2,Comic,Comic.webp,,2026-09-30
Kingdom Rush 6 Genesis,3,Enemy Crows,Enemy Crows.webp,,2026-09-30
Kingdom Rush 6 Genesis,4,Wizard's Pet Bird,Wizard's Pet Bird.webp,,2026-09-30
Kintsugi,1,Cranes,Cranes.webp,,2026-09-04
Kintsugi,2,Gold Infused Cranes,Gold Infused Cranes.webp,,2026-09-04
Lost in Play,1,Angry Bird,Angry Bird.webp,,2026-10-01
Lost in Play,2,Bird Boat Map,Bird Boat Map.webp,,2026-10-01
Lost in Play,3,Bird Boat,Bird Boat.webp,,2026-10-01
Lost in Play,4,Bird Hanging Decoration,Bird Hanging Decoration.webp,,2026-10-01
Lost in Play,5,Castle Infiltration Plan,Castle Infiltration Plan.webp,,2026-10-01
Lost in Play,6,Castle Interior,Castle Interior.webp,,2026-10-01
Lost in Play,7,Castle,Castle.webp,,2026-10-01
Lost in Play,8,Cellar Bars,Cellar Bars.webp,,2026-10-01
Lost in Play,9,Chicken Hat,Chicken Hat.webp,,2026-10-01
Lost in Play,10,Chicken Leg Cuffs,Chicken Leg Cuffs.webp,,2026-10-01
Lost in Play,11,Chicken,Chicken.webp,,2026-10-01
Lost in Play,12,Crane,Crane.webp,,2026-10-01
Lost in Play,13,Credits 1,Credits 1.webp,,2026-10-01
Lost in Play,14,Credits 2,Credits 2.webp,,2026-10-01
Lost in Play,15,Crow Leader,Crow Leader.webp,,2026-10-01
Lost in Play,16,Crow Mask,Crow Mask.webp,,2026-10-01
Lost in Play,17,Crows,Crows.webp,,2026-10-01
Lost in Play,18,Cuckoo Clock,Cuckoo Clock.webp,,2026-09-30
Lost in Play,19,Cuckoo Family Photo,Cuckoo Family Photo.webp,,2026-09-30
Lost in Play,20,Duck Boats Instruction,Duck Boats Instruction.webp,,2026-10-01
Lost in Play,21,Duck Boats,Duck Boats.webp,,2026-10-01
Lost in Play,22,Duck Feed,Duck Feed.webp,,2026-10-01
Lost in Play,23,Duck Flag,Duck Flag.webp,,2026-10-01
Lost in Play,24,Duck Statue,Duck Statue.webp,,2026-10-01
Lost in Play,25,Duck Stuffed Toy,Duck Stuffed Toy.webp,,2026-09-30
Lost in Play,26,Duck Transformation,Duck Transformation.webp,,2026-10-01
Lost in Play,27,Duck-Costumed Guard,Duck-Costumed Guard.webp,,2026-10-01
Lost in Play,28,Duck-Costumed Pizza Delivery Man,Duck-Costumed Pizza Delivery Man.webp,,2026-10-01
Lost in Play,29,Giant Cuckoo,Giant Cuckoo.webp,,2026-10-01
Lost in Play,30,Goblin Duck,Goblin Duck.webp,,2026-10-01
Lost in Play,31,Goblin King Golden Staff,Goblin King Golden Staff.webp,,2026-10-01
Lost in Play,32,Goblin King Poster,Goblin King Poster.webp,,2026-10-01
Lost in Play,33,Goblin King Rubber Ducks,Goblin King Rubber Ducks.webp,,2026-10-01
Lost in Play,34,Granny's Pigeons,Granny's Pigeons.webp,,2026-10-01
Lost in Play,35,Huge Magical Bird,Huge Magical Bird.webp,,2026-10-01
Lost in Play,36,Intelligence,Intelligence.webp,,2026-10-02
Lost in Play,37,Journal Crane,Journal Crane.webp,,2026-10-01
Lost in Play,38,Journal Metal Bird Helmet,Journal Metal Bird Helmet.webp,,2026-10-01
Lost in Play,39,Journal Scarecrow 1,Journal Scarecrow 1.webp,,2026-10-01
Lost in Play,40,Journal Scarecrow 2,Journal Scarecrow 2.webp,,2026-10-01
Lost in Play,41,King's Bird,King's Bird.webp,,2026-10-01
Lost in Play,42,Lucid Cuckoo Clock,Lucid Cuckoo Clock.webp,,2026-10-01
Lost in Play,43,Lucid Family Photo,Lucid Family Photo.webp,,2026-10-01
Lost in Play,44,Man-Costumed Delivery Chicken,Man-Costumed Delivery Chicken.webp,,2026-10-01
Lost in Play,45,Metal Bird Helmet,Metal Bird Helmet.webp,,2026-10-01
Lost in Play,46,No Birds Sign,No Birds Sign.webp,,2026-10-01
Lost in Play,47,Old Man's Duck Tube,Old Man's Duck Tube.webp,,2026-10-01
Lost in Play,48,Owl Stuffed Toy,Owl Stuffed Toy.webp,,2026-10-01
Lost in Play,49,Owl,Owl.webp,,2026-10-01
Lost in Play,50,Picnic,Picnic.webp,,2026-10-01
Lost in Play,51,Pigeon's Grannies,Pigeon's Grannies.webp,,2026-10-01
Lost in Play,52,Pizza Delivery Card,Pizza Delivery Card.webp,,2026-10-01
Lost in Play,53,Rubber Duck Tube,Rubber Duck Tube.webp,,2026-09-30
Lost in Play,54,Rubber Ducks,Rubber Ducks.webp,,2026-10-01
Lost in Play,55,Seagull,Seagull.webp,,2026-10-01
Lost in Play,56,Submarine Radar Bird Boat,Submarine Radar Bird Boat.webp,,2026-10-02
Lost in Play,57,Submarine Radar Bird,Submarine Radar Bird.webp,,2026-10-01
Lost in Play,58,Thief's Duck,Thief's Duck.webp,,2026-10-01
Minecraft,1,Baby Chicken (Old),Baby Chicken (old).webp,,2026-08-02
Minecraft,2,Baby Cold Chicken,Baby Cold Chicken.webp,,2026-08-02
Minecraft,3,Baby Diamond Chicken,Baby Diamond Chicken.webp,,2026-08-02
Minecraft,4,Baby Potato Chicken,Baby Potato Chicken.webp,,2026-08-15
Minecraft,5,Baby Temperate Chicken,Baby Temperate Chicken.webp,,2026-08-02
Minecraft,6,Baby Warm Chicken,Baby Warm Chicken.webp,,2026-08-02
Minecraft,7,Blue Parrot,Blue Parrot.webp,,2026-08-02
Minecraft,8,Cavebird Painting,Cavebird Painting.webp,,2026-08-15
Minecraft,9,Chicken Statue In Woodland Mansion,Chicken Statue in Woodland Mansion.webp,,2026-08-27
Minecraft,10,Cold Chicken,Cold Chicken.webp,,2026-08-02
Minecraft,11,Cyan Parrot,Cyan Parrot.webp,,2026-08-02
Minecraft,12,Diamond Chicken,Diamond Chicken.webp,,2026-08-02
Minecraft,13,Gray Parrot,Gray Parrot.webp,,2026-08-02
Minecraft,14,Green Parrot,Green Parrot.webp,,2026-08-02
Minecraft,15,Owlemons Painting,Owlemons Painting.webp,,2026-08-15
Minecraft,16,Potato Chicken,Potato Chicken.webp,,2026-08-15
Minecraft,17,Red Parrot,Red Parrot.webp,,2026-08-02
Minecraft,18,Temperate Chicken,Temperate Chicken.webp,,2026-08-02
Minecraft,19,Warm Chicken,Warm Chicken.webp,,2026-08-02
Mirth Melody,1,Bird,Bird.webp,,2026-09-12
Mirth Melody,2,Dodo,Dodo.webp,,2026-09-12
Mirth Melody,3,Lots Of Dodos,Lots of Dodos.webp,,2026-09-12
Mirth Melody,4,Overloaded Pal Achievement,Overloaded Pal Achievement.webp,,2026-09-12
Mirth Melody,5,Seagull Police,Seagull Police.webp,,2026-09-24
Mirth Melody,6,Seagulls,Seagulls.webp,,2026-09-12
Mirth Melody,7,Steven,Steven.webp,,2026-09-12
Mirth Melody,8,Toucan,Toucan.webp,,2026-09-12
Neva,1,Cranes,Cranes.webp,,2026-09-29
Neva,2,Infected Crane,Infected Crane.webp,,2026-09-29
Neva,3,Infected Swallow,Infected Swallow.webp,,2026-09-29
Neva,4,Intro,Intro.webp,,2026-09-29
Neva,5,Petrified Cranes,Petrified Cranes.webp,,2026-09-29
Neva,6,Swallows,Swallows.webp,,2026-09-29
Neva,7,Winter Hidden Bird 1,Winter Hidden Bird 1.webp,maple-honey,2026-09-30
Neva,8,Winter Hidden Bird 2,Winter Hidden Bird 2.webp,maple-honey,2026-09-30
Neva,9,Winter Hidden Bird 3,Winter Hidden Bird 3.webp,,2026-09-30
Neva,10,Winter Hidden Bird 4,Winter Hidden Bird 4.webp,,2026-09-30
Ori and the Will of the Wisps,1,3 Unnamed Hatchlings,3 Unnamed Hatchlings.webp,,2026-08-03
Ori and the Will of the Wisps,2,Adult Ku,Adult Ku.webp,Loriess,2026-08-03
Ori and the Will of the Wisps,3,Adult Owls,Adult Owls.webp,,2026-08-03
Ori and the Will of the Wisps,4,Adult Shriek,Adult Shriek.webp,,2026-08-03
Ori and the Will of the Wisps,5,Baby Ku,Baby Ku.webp,,2026-08-03
Ori and the Will of the Wisps,6,Baby Shriek,Baby Shriek.webp,,2026-08-03
Ori and the Will of the Wisps,7,Geese,Geese.webp,DragoonPhooenix,2026-08-03
Ori and the Will of the Wisps,8,Ku Stone Carving,Ku Stone Carving.webp,Consistent_Phase822,2026-08-03
Ori and the Will of the Wisps,9,Ku Wall Art,Ku Wall Art.webp,,2026-09-29
Ori and the Will of the Wisps,10,Kuro Easter Egg Hint,Kuro Easter Egg Hint.webp,,2026-09-29
Ori and the Will of the Wisps,11,Kuro Easter Egg,Kuro Easter Egg.webp,,2026-08-03
Ori and the Will of the Wisps,12,Petrified Owl,Petrified Owl.webp,,2026-09-29
Ori and the Will of the Wisps,13,Shriek's Parents Statues,Shriek's Parents Statues.webp,,2026-08-03
Ori and the Will of the Wisps,14,The Missing Key Quest,The Missing Key Quest.webp,,2026-09-29
Ori and the Will of the Wisps,15,Tokk,Tokk.webp,,2026-08-03
Plant Vs Zombies,1,Ducky Tube Conehead Zombie,Ducky Tube Conehead Zombie.webp,,2026-09-25
Plant Vs Zombies,2,Ducky Tube Metalhead Zombie,Ducky Tube Metalhead Zombie.webp,,2026-09-25
Plant Vs Zombies,3,Ducky Tube Zombie Algae Variants,Ducky Tube Zombie Algae Variants.webp,,2026-09-25
Plant Vs Zombies,4,Ducky Tube Zombie,Ducky Tube Zombie.webp,,2026-09-25
Plant Vs Zombies,5,Pool Side Backyard,Pool Side Backyard.webp,,2026-09-25
Plant Vs Zombies 2,1,Chicken Wrangler Zombie,Chicken Wrangler Zombie.webp,,2026-09-25
Plant Vs Zombies 2,2,Dodo Rider Zombie,Dodo Rider Zombie.webp,,2026-09-25
Plant Vs Zombies 2,3,Ducky Tube Conehead Zombie,Ducky Tube Conehead Zombie.webp,,2026-09-25
Plant Vs Zombies 2,4,Ducky Tube Metalhead Zombie,Ducky Tube Metalhead Zombie.webp,,2026-09-25
Plant Vs Zombies 2,5,Ducky Tube Zombie,Ducky Tube Zombie.webp,,2026-09-25
Plant Vs Zombies 2,6,Gobbler King Zombie,Gobbler King Zombie.webp,,2026-09-25
Plant Vs Zombies 2,7,Homing Thistle Rubber Ducky Costume,Homing Thistle Rubber Ducky Costume.webp,DiogoGamer12345,2026-09-26
Plant Vs Zombies 2,8,Leprechaun Dodo Rider Zombie,Leprechaun Dodo Rider Zombie.webp,,2026-09-25
Plant Vs Zombies 2,9,Magician Zombie's Doves,Magician Zombie's Doves.webp,,2026-09-25
Plant Vs Zombies 2,10,Pelican Zombie,Pelican Zombie.webp,,2026-09-25
Plant Vs Zombies 2,11,Pirate Captain Zombie,Pirate Captain Zombie.webp,,2026-09-25
Plant Vs Zombies 2,12,Ra Zombie,Ra Zombie.webp,,2026-09-25
Plant Vs Zombies 2,13,Raincoat Zombie,Raincoat Zombie.webp,DiogoGamer12345,2026-09-26
Plant Vs Zombies 2,14,Seagull Zombie,Seagull Zombie.webp,,2026-09-25
Plant Vs Zombies 2,15,Springening Imp,Springening Imp.webp,DiogoGamer12345,2026-09-26
Plant Vs Zombies 2,16,Turkey Boss,Turkey Boss.webp,DiogoGamer12345,2026-09-26
Plant Vs Zombies 2,17,Turkey Pult,Turkey Pult.webp,DiogoGamer12345,2026-09-26
Poinpy,1,Enemy Crow,Enemy Crow.webp,,2026-09-18
Poinpy,2,Fruitpecker Ability,Fruitpecker Ability.webp,,2026-09-18
Postmouse,1,Danda Avatar,Danda Avatar.webp,,2026-09-09
Postmouse,2,Erith And Danda Robins,Erith and Danda Robins.webp,,2026-09-09
Postmouse,3,Erith Avatar,Erith Avatar.webp,,2026-09-09
Postmouse,4,Owl Mask On Pablo,Owl Mask on Pablo.webp,,2026-09-09
Postmouse,5,Robin Family Sketch,Robin Family Sketch.webp,,2026-09-09
Postmouse,6,Stamp Avatar,Stamp Avatar.webp,,2026-09-09
Postmouse,7,Stamp,Stamp.webp,,2026-09-09
Postmouse,8,The Bird Babies Stamp,The Bird Babies Stamp.webp,,2026-09-24
Restoring the Past,1,Bird,Bird.webp,,2026-09-12
Restoring the Past,2,Crane,Crane.webp,,2026-09-12
Rift of the Necrodancer,1,Credits 1,Credits 1.webp,HertzManfried,2026-08-13
Rift of the Necrodancer,2,Credits 2,Credits 2.webp,HertzManfried,2026-08-13
Rift of the Necrodancer,3,Credits 3,Credits 3.webp,HertzManfried,2026-08-13
Rift of the Necrodancer,4,Dove's Dove Badge,Dove's Dove Badge.webp,,2026-09-24
Rift of the Necrodancer,5,Fanatic Portrait,Fanatic Portrait.webp,,2026-09-24
Rift of the Necrodancer,6,Harmonie Hairclip,Harmonie Hairclip.webp,Supershadow30,2026-08-13
Rift of the Necrodancer,7,Play DLC Track,Play DLC Track.webp,,2026-08-12
Rift of the Necrodancer,8,Take A Breather Minigame,Take a Breather Minigame.webp,,2026-08-12
Rift of the Necrodancer,9,Visualize Yourself Track,Visualize Yourself Track.webp,,2026-08-12
Rocket League Sideswipe,1,Pigeon Topper,Pigeon Topper.webp,,2026-09-27
Shadow Fight 2,1,Act 1 Rooftop,Act 1 Rooftop.webp,,2026-10-04
Shadow Fight 2,2,Act 3 Bridge,Act 3 Bridge.webp,,2026-10-04
Shadow Fight 2,3,Act 4 Flower Field,Act 4 Flower Field.webp,,2026-10-04
Shadow Fight 2,4,Act 4 Ship Deck,Act 4 Ship Deck.webp,,2026-10-04
Shadow Fight 2,5,Act 4 Sky Temple,Act 4 Sky Temple.webp,,2026-10-04
Shadow Fight 2,6,Eagle Eye Perk,Eagle Eye Perk.webp,,2026-10-04
Shadow Fight 2,7,Event Bone Coin,Event Bone Coin.webp,,2026-10-04
Shadow Fight 2,8,Event Raven Token,Event Raven Token.webp,,2026-10-04
Shadow Fight 2,9,Halloween Banshee,Halloween Banshee.webp,,2026-10-04
Shadow Fight 2,10,Halloween Countess,Halloween Countess.webp,,2026-10-04
Shadow Fight 2,11,Halloween Morgana,Halloween Morgana.webp,,2026-10-04
Subway Surfers,1,Arara Hoverboard,Arara Hoverboard.webp,,2026-10-04
Subway Surfers,2,Chicken Jake Profile Icon,Chicken Jake Profile Icon.webp,,2026-10-04
Subway Surfers,3,Chicken Jake,Chicken Jake.webp,,2026-10-04
Subway Surfers,4,Chicky Hoverboard,Chicky Hoverboard.webp,,2026-10-04
Subway Surfers,5,Chuck,Chuck.webp,,2026-10-04
Subway Surfers,6,Colorful Parrot Token,Colorful Parrot Token.webp,,2026-10-04
Subway Surfers,7,Crane Hoverboard,Crane Hoverboard.webp,,2026-10-04
Subway Surfers,8,Dan Under Profile Icon,Dan Under Profile Icon.webp,,2026-10-04
Subway Surfers,9,Dan Under,Dan Under.webp,,2026-10-04
Subway Surfers,10,Eagle Hoverboard,Eagle Hoverboard.webp,,2026-10-04
Subway Surfers,11,Easter Ireland 2026 1,Easter Ireland 2026 1.webp,,2026-10-04
Subway Surfers,12,Easter Ireland 2026 2,Easter Ireland 2026 2.webp,,2026-10-04
Subway Surfers,13,Flamingo Hoverboard,Flamingo Hoverboard.webp,,2026-10-04
Subway Surfers,14,Flamingo Token,Flamingo Token.webp,,2026-10-04
Subway Surfers,15,Gobble Trouble Hoverboard,Gobble Trouble Hoverboard.webp,,2026-10-04
Subway Surfers,16,Hugo Pirate Outfit,Hugo Pirate Outfit.webp,,2026-10-04
Subway Surfers,17,Iceland 2016,Iceland 2016.webp,,2026-10-04
Subway Surfers,18,Iceland 2018,Iceland 2018.webp,,2026-10-04
Subway Surfers,19,Liu,Liu.webp,,2026-10-04
Subway Surfers,20,Malik Penguin Outfit,Malik Penguin Outfit.webp,,2026-10-04
Subway Surfers,21,Mallard Tricky,Mallard Tricky.webp,,2026-10-04
Subway Surfers,22,OffRoad Ranger Hoverboard,OffRoad Ranger Hoverboard.webp,,2026-10-04
Subway Surfers,23,Penguin Token,Penguin Token.webp,,2026-10-04
Subway Surfers,24,Puffin Token,Puffin Token.webp,,2026-10-04
Subway Surfers,25,Red,Red.webp,,2026-10-04
Subway Surfers,26,Rio 2019,Rio 2019.webp,,2026-10-04
Subway Surfers,27,Rio Carnival 2025 1,Rio Carnival 2025 1.webp,,2026-10-04
Subway Surfers,28,Rio Carnival 2025 2,Rio Carnival 2025 2.webp,,2026-10-04
Subway Surfers,29,Rome 2026,Rome 2026.webp,,2026-10-04
Subway Surfers,30,SiWoo Springtime Outfit,SiWoo Springtime Outfit.webp,,2026-10-04
Subway Surfers,31,Toucan Hoverboard,Toucan Hoverboard.webp,,2026-10-04
Subway Surfers,32,Toucan Token,Toucan Token.webp,,2026-10-04
Subway Surfers,33,Winter Holiday 2019,Winter Holiday 2019.webp,,2026-10-04
Super Meat Boy,1,Blew Crows,Blew Crows.webp,,2026-09-29
Super Meat Boy,2,Holy Mountain Pigeons,Holy Mountain Pigeons.webp,,2026-09-29
Super Meat Boy,3,Pit Stop Doves,Pit Stop Doves.webp,,2026-09-29
Survivor.io,1,Clucker Clan Emblem,Clucker Clan Emblem.webp,,2026-09-29
Survivor.io,2,Clucker Xeno Pet,Clucker Xeno Pet.webp,,2026-09-28
Survivor.io,3,Enemy Birds,Enemy Birds.webp,,2026-09-29
Survivor.io,4,King Blizzblast Xeno Pet,King Blizzblast Xeno Pet.webp,,2026-09-28
Survivor.io,5,Murica Clan Emblem,Murica Clan Emblem.webp,,2026-09-29
Survivor.io,6,Murica Pet,Murica Pet.webp,,2026-09-29
Talking Larry,1,Larry,Larry.webp,,2026-09-27
The Short Bread Game,1,Big Rubber Duck,Big Rubber Duck.webp,,2026-09-03
The Short Bread Game,2,Chick,Chick.webp,,2026-09-03
The Short Bread Game,3,Ducks,Ducks.webp,,2026-09-03
The Short Bread Game,4,Swan,Swan.webp,,2026-09-03
Undertale,1,Chilldrake NPC,Chilldrake NPC.webp,,2026-09-24
Undertale,2,Chilldrake,Chilldrake.webp,,2026-09-12
Undertale,3,Gaster Follower #3,Gaster Follower #3.webp,user5555555555555559,2026-09-16
Undertale,4,Hot Dog Girl,Hot Dog Girl.webp,Shot-Ad-3166,2026-09-15
Undertale,5,Reaper Bird,Reaper Bird.webp,,2026-09-12
Undertale,6,Red Bird,Red Bird.webp,,2026-09-11
Undertale,7,Small Bird,Small Bird.webp,,2026-09-11
Undertale,8,Snowdrake's Family,Snowdrake's Family.webp,,2026-09-24
Undertale,9,Snowdrake's Father,Snowdrake's Father.webp,,2026-09-11
Undertale,10,Snowdrake's Mother,Snowdrake's Mother.webp,,2026-09-12
Undertale,11,Snowdrake,Snowdrake.webp,,2026-09-11
Undertale,12,Woshua,Woshua.webp,,2026-09-11
Valorant,1,A Short Detour Card ,A Short Detour Card .webp,,2026-10-03
Valorant,2,Astral Conduit Card ,Astral Conduit Card .webp,,2026-10-03
Valorant,3,Barrida! Spray,Barrida! Spray.webp,,2026-10-03
Valorant,4,Be Mine Sova Card ,Be Mine Sova Card .webp,,2026-10-03
Valorant,5,Brioche Buddy,Brioche Buddy.webp,,2026-09-30
Valorant,6,Brioche Flex,Brioche Flex.webp,,2026-09-30
Valorant,7,Brioche Spray,Brioche Spray.webp,,2026-10-03
Valorant,8,Bulletproof Armor Spray,Bulletproof Armor Spray.webp,,2026-10-03
Valorant,9,Burnard Buddy,Burnard Buddy.webp,,2026-09-30
Valorant,10,Burnard Flex,Burnard Flex.webp,,2026-09-30
Valorant,11,Burnard Spray,Burnard Spray.webp,,2026-10-03
Valorant,12,Cardio Claws Card ,Cardio Claws Card .webp,,2026-10-03
Valorant,13,Caution Blinding Bird Spray,Caution Blinding Bird Spray.webp,,2026-10-03
Valorant,14,Chicken Noir Card,Chicken Noir Card.webp,,2026-10-03
Valorant,15,Chicken Out Buddy,Chicken Out Buddy.webp,,2026-10-03
Valorant,16,Chicken Out Spray,Chicken Out Spray.webp,,2026-10-03
Valorant,17,Chill-joy Card ,Chill-joy Card .webp,,2026-10-03
Valorant,18,Claw Master Card ,Claw Master Card .webp,,2026-10-03
Valorant,19,Claw Tactics Dan Buddy,Claw Tactics Dan Buddy.webp,,2026-10-03
Valorant,20,CLUUUTCH Spray,CLUUUTCH Spray.webp,,2026-10-03
Valorant,21,Combat Ready Card,Combat Ready Card.webp,,2026-10-03
Valorant,22,Dabbing Dan Spray,Dabbing Dan Spray.webp,,2026-10-03
Valorant,23,Dan The Champ Spray,Dan the Champ Spray.webp,,2026-10-03
Valorant,24,Dan The Penguin Buddy,Dan the Penguin Buddy.webp,,2026-10-03
Valorant,25,Doodle Buds Agents Card ,Doodle Buds Agents Card .webp,,2026-10-03
Valorant,26,Doodle Buds Shorty,Doodle Buds Shorty.webp,,2026-10-03
Valorant,27,Doodle Buds Tactifriends Spray,Doodle Buds Tactifriends Spray.webp,,2026-10-03
Valorant,28,Dream Squad Spray,Dream Squad Spray.webp,,2026-10-03
Valorant,29,Duck Chillin Buddy,Duck Chillin Buddy.webp,,2026-10-03
Valorant,30,Ducky On Swing Buddy,Ducky on Swing Buddy.webp,,2026-10-03
Valorant,31,Epilogue Claw Master Card ,Epilogue Claw Master Card .webp,,2026-10-03
Valorant,32,Epilogue Dabbing Dan Spray,Epilogue Dabbing Dan Spray.webp,,2026-10-03
Valorant,33,Epilogue Folded Wish Buddy,Epilogue Folded Wish Buddy.webp,,2026-10-03
Valorant,34,Epilogue No Hands Card ,Epilogue No Hands Card .webp,,2026-10-03
Valorant,35,Epilogue Penguin Precision Card ,Epilogue Penguin Precision Card .webp,,2026-10-03
Valorant,36,Epilogue Penguin Surprise Buddy,Epilogue Penguin Surprise Buddy.webp,,2026-10-03
Valorant,37,Epilogue PlayZilla Rubber Ducky Card ,Epilogue PlayZilla Rubber Ducky Card .webp,,2026-10-03
Valorant,38,Epilogue Pop Pawstars Card ,Epilogue Pop Pawstars Card .webp,,2026-10-03
Valorant,39,Epilogue Synced Swag Card ,Epilogue Synced Swag Card .webp,,2026-10-03
Valorant,40,Epilogue Tabletop Tactics Card ,Epilogue Tabletop Tactics Card .webp,,2026-10-03
Valorant,41,Epilogue Tactical Road Crossing Card ,Epilogue Tactical Road Crossing Card .webp,,2026-10-03
Valorant,42,Epilogue Tactical Spacewar Card ,Epilogue Tactical Spacewar Card .webp,,2026-10-03
Valorant,43,Falcon Firearms Card ,Falcon Firearms Card .webp,,2026-10-03
Valorant,44,Fear My Nunchucks Card ,Fear My Nunchucks Card .webp,,2026-10-03
Valorant,45,Fierce Form Spray,Fierce Form Spray.webp,,2026-10-03
Valorant,46,Flower Spray,Flower Spray.webp,,2026-10-03
Valorant,47,Flyby Hug Buddy,Flyby Hug Buddy.webp,,2026-10-03
Valorant,48,Folded Wish Buddy,Folded Wish Buddy.webp,,2026-10-03
Valorant,49,Forsaken Finisher,Forsaken Finisher.webp,,2026-10-03
Valorant,50,Frontier Card ,Frontier Card .webp,,2026-10-03
Valorant,51,Frosty Freestyle Card ,Frosty Freestyle Card .webp,,2026-10-03
Valorant,52,Frozen Solid Buddy,Frozen Solid Buddy.webp,,2026-10-03
Valorant,53,Galleria Bucky,Galleria Bucky.webp,,2026-10-03
Valorant,54,Goldwing Card ,Goldwing Card .webp,,2026-10-03
Valorant,55,Guiding Light Equip,Guiding Light Equip.webp,,2026-10-03
Valorant,56,Guiding Light,Guiding Light.webp,,2026-10-03
Valorant,57,H2-Oh Buddy,H2-Oh Buddy.webp,,2026-10-03
Valorant,58,Halloween Bash Card ,Halloween Bash Card .webp,,2026-10-03
Valorant,59,Hari Raya Homecoming Card ,Hari Raya Homecoming Card .webp,,2026-10-03
Valorant,60,Hatchbudz Quacked Series Spray,Hatchbudz Quacked Series Spray.webp,,2026-10-03
Valorant,61,Hawko Buddy,Hawko Buddy.webp,,2026-10-03
Valorant,62,Holidaze Card ,Holidaze Card .webp,,2026-10-03
Valorant,63,I Create Buddy,I Create Buddy.webp,,2026-10-03
Valorant,64,Ion%2C Ep5 Buddy,Ion%2C Ep5 Buddy.webp,,2026-10-03
Valorant,65,Ion%2C Ep5 Spray,Ion%2C Ep5 Spray.webp,,2026-10-03
Valorant,66,Is This A Drone Spray,Is This A Drone Spray.webp,,2026-10-03
Valorant,67,Killjoy Figure Spray,Killjoy Figure Spray.webp,,2026-10-03
Valorant,68,Lotus Peacock Mural,Lotus Peacock Mural.webp,,2026-10-03
Valorant,69,Lycan%27s Bane Card ,Lycan%27s Bane Card .webp,,2026-10-03
Valorant,70,Magic Hummingbird Buddy,Magic Hummingbird Buddy.webp,,2026-10-03
Valorant,71,Mystbloom Card ,Mystbloom Card .webp,,2026-10-03
Valorant,72,Nanowire Cartridge Buddy,Nanowire Cartridge Buddy.webp,,2026-10-03
Valorant,73,Neo Frontier Card ,Neo Frontier Card .webp,,2026-10-03
Valorant,74,Neptune V25 Card,Neptune V25 Card.webp,,2026-10-03
Valorant,75,Nine To Five Card ,Nine to Five Card .webp,,2026-10-03
Valorant,76,No Hands Card ,No Hands Card .webp,,2026-10-03
Valorant,77,Nom Nom Snacks Card ,Nom Nom Snacks Card .webp,,2026-10-03
Valorant,78,Oni Ep 6 Buddy Tsubame,Oni Ep 6 Buddy Tsubame.webp,,2026-10-03
Valorant,79,Oni Ep 6 Card,Oni Ep 6 Card.webp,,2026-10-03
Valorant,80,Operation Oversteer Card ,Operation Oversteer Card .webp,,2026-10-03
Valorant,81,Operation Vacation Card ,Operation Vacation Card .webp,,2026-10-03
Valorant,82,Owl Charm Buddy,Owl Charm Buddy.webp,,2026-10-03
Valorant,83,Owl Drone,Owl Drone.webp,,2026-10-03
Valorant,84,Paintbrush Tactics Card ,Paintbrush Tactics Card .webp,,2026-10-03
Valorant,85,Pengu Panic Spray,Pengu Panic Spray.webp,,2026-10-03
Valorant,86,Penguin Precision Card ,Penguin Precision Card .webp,,2026-10-03
Valorant,87,Penguin Surprise Buddy,Penguin Surprise Buddy.webp,,2026-10-03
Valorant,88,Personal Setup Sova Card ,Personal Setup Sova Card .webp,,2026-10-03
Valorant,89,Pixel Moments Card ,Pixel Moments Card .webp,,2026-10-03
Valorant,90,Pixel Moments Pearl Card ,Pixel Moments Pearl Card .webp,,2026-10-03
Valorant,91,Playzilla Dan Card ,Playzilla Dan Card .webp,,2026-10-03
Valorant,92,PlayZilla Rubber Ducky Card ,PlayZilla Rubber Ducky Card .webp,,2026-10-03
Valorant,93,Please I Beg Of You Spray,Please I Beg Of You Spray.webp,,2026-10-03
Valorant,94,Pop Pawstars Card ,Pop Pawstars Card .webp,,2026-10-03
Valorant,95,Protektor Sheriff,Protektor Sheriff.webp,,2026-10-03
Valorant,96,Puzzles N Bears Card,Puzzles n Bears Card.webp,,2026-10-03
Valorant,97,Quack N Loaded Card,Quack n Loaded Card.webp,,2026-10-03
Valorant,98,Quack! Spray,Quack! Spray.webp,,2026-10-03
Valorant,99,Raze Days Card ,Raze Days Card .webp,,2026-10-03
Valorant,100,Referee TactiDuck Buddy,Referee TactiDuck Buddy.webp,,2026-10-03
Valorant,101,Roger Duck Spray,Roger Duck Spray.webp,,2026-10-03
Valorant,102,Rubber Ducky Buddy,Rubber Ducky Buddy.webp,,2026-10-03
Valorant,103,Sand Sculpture Spray,Sand Sculpture Spray.webp,,2026-10-03
Valorant,104,Scribble Squad Spray,Scribble Squad Spray.webp,,2026-10-03
Valorant,105,Seen Things Spray,Seen Things Spray.webp,,2026-10-03
Valorant,106,Sidekicks Card ,Sidekicks Card .webp,,2026-10-03
Valorant,107,Skyborne Greeting Card ,Skyborne Greeting Card .webp,,2026-10-03
Valorant,108,Skye ID Card ,Skye ID Card .webp,,2026-10-03
Valorant,109,Slack Off On Horse Card ,Slack Off on Horse Card .webp,,2026-10-03
Valorant,110,Snowbirds Card ,Snowbirds Card .webp,,2026-10-03
Valorant,111,Sovereign Finisher Green,Sovereign Finisher Green.webp,,2026-10-03
Valorant,112,Sovereign Finisher Red,Sovereign Finisher Red.webp,,2026-10-03
Valorant,113,Spike Sanded Card ,Spike Sanded Card .webp,,2026-10-03
Valorant,114,Surprised Penguin Spray,Surprised Penguin Spray.webp,,2026-10-03
Valorant,115,Synced Swag Card ,Synced Swag Card .webp,,2026-10-03
Valorant,116,Tabletop Tactics Card ,Tabletop Tactics Card .webp,,2026-10-03
Valorant,117,Tacti Tears Spray,Tacti Tears Spray.webp,,2026-10-03
Valorant,118,Tacti-Force Sapphire Buddy,Tacti-Force Sapphire Buddy.webp,,2026-10-03
Valorant,119,Tacti-Force Sapphire Card ,Tacti-Force Sapphire Card .webp,,2026-10-03
Valorant,120,Tacti-Force Spray,Tacti-Force Spray.webp,,2026-10-03
Valorant,121,Tacti-Force Topaz Buddy,Tacti-Force Topaz Buddy.webp,,2026-10-03
Valorant,122,Tacti-Force Topaz Card ,Tacti-Force Topaz Card .webp,,2026-10-03
Valorant,123,Tacti-Series Card ,Tacti-Series Card .webp,,2026-10-03
Valorant,124,Tacti-Series Classic,Tacti-Series Classic.webp,,2026-10-03
Valorant,125,Tacti-Series Frenzy,Tacti-Series Frenzy.webp,,2026-10-03
Valorant,126,Tacti-Series Guardian,Tacti-Series Guardian.webp,,2026-10-03
Valorant,127,Tacti-Series Marshal,Tacti-Series Marshal.webp,,2026-10-03
Valorant,128,Tacti-Series Spray,Tacti-Series Spray.webp,,2026-10-03
Valorant,129,Tacti-Treat Ghost,Tacti-Treat Ghost.webp,,2026-10-03
Valorant,130,Tacti-Treat Guardian,Tacti-Treat Guardian.webp,,2026-10-03
Valorant,131,Tacti-Treat Judge,Tacti-Treat Judge.webp,,2026-10-03
Valorant,132,Tacti-Treat Operator,Tacti-Treat Operator.webp,,2026-10-03
Valorant,133,Tactical DJ Card ,Tactical DJ Card .webp,,2026-10-03
Valorant,134,Tactical Expressionism Spray,Tactical Expressionism Spray.webp,,2026-10-03
Valorant,135,Tactical Road Crossing Card ,Tactical Road Crossing Card .webp,,2026-10-03
Valorant,136,Tactical Spacewar Card ,Tactical Spacewar Card .webp,,2026-10-03
Valorant,137,Tactidance Card ,Tactidance Card .webp,,2026-10-03
Valorant,138,TactiForce Go! Spray,TactiForce Go! Spray.webp,,2026-10-03
Valorant,139,Tactiplay Bulldog,Tactiplay Bulldog.webp,,2026-10-03
Valorant,140,Tactiplay Card ,Tactiplay Card .webp,,2026-10-03
Valorant,141,Tactiplay Odin,Tactiplay Odin.webp,,2026-10-03
Valorant,142,Tactiplay Phantom,Tactiplay Phantom.webp,,2026-10-03
Valorant,143,Tactiplay Spray,Tactiplay Spray.webp,,2026-10-03
Valorant,144,Tactiplay Stinger,Tactiplay Stinger.webp,,2026-10-03
Valorant,145,TactiSummer Card ,TactiSummer Card .webp,,2026-10-03
Valorant,146,Take Flight Spray,Take Flight Spray.webp,,2026-10-03
Valorant,147,The Way Forward Card ,The Way Forward Card .webp,,2026-10-03
Valorant,148,They Won't Know Spray,They Won't Know Spray.webp,,2026-10-03
Valorant,149,Valentine's Tactics Card,Valentine's Tactics Card.webp,,2026-10-03
Valorant,150,VALORANT Go! Vol. 1 Killjoy Buddy,VALORANT Go! Vol. 1 Killjoy Buddy.webp,,2026-10-03
Valorant,151,VALORANT GO! Vol. 2 Operator,VALORANT GO! Vol. 2 Operator.webp,,2026-10-03
Valorant,152,VALORANT GO! Vol. 2 Sova Card,VALORANT GO! Vol. 2 Sova Card.webp,,2026-10-03
Valorant,153,VALORANT GO! Vol. 2 Sova Spray,VALORANT GO! Vol. 2 Sova Spray.webp,,2026-10-03
Valorant,154,VALORANT Skye Card ,VALORANT Skye Card .webp,,2026-10-03
Valorant,155,Variable Removed Spray,Variable Removed Spray.webp,,2026-10-03
Valorant,156,VCT25 X TLN Card ,VCT25 x TLN Card .webp,,2026-10-03
Valorant,157,VCT25 X TLN Classic,VCT25 x TLN Classic.webp,,2026-10-03
Valorant,158,VCT X TLN Buddy,VCT x TLN Buddy.webp,,2026-10-03
Valorant,159,VCT X TLN Card ,VCT x TLN Card .webp,,2026-10-03
Valorant,160,VCT X TLN Classic,VCT x TLN Classic.webp,,2026-10-03
Valorant,161,VCT X TLN Spray,VCT x TLN Spray.webp,,2026-10-03
Valorant,162,VCT X TS Card ,VCT x TS Card .webp,,2026-10-03
Valorant,163,Venomous Succession Card ,Venomous Succession Card .webp,,2026-10-03
Valorant,164,Waddle Walk Spray,Waddle Walk Spray.webp,,2026-10-03
Valorant,165,Wanted TactiPenguin Spray,Wanted TactiPenguin Spray.webp,,2026-10-03
