id,user,message
1,JoelTheBloonsMonkey,"W bird fan"
2,Moist-Impression-772,"I LOVE IT!"
3,Famous_Bat_7086,"this is such a wholesome project"
4,LostEngineer9949,"I love your project so much, such a cute idea! Best of luck with the rest of it! 😊"
5,rottingrosebuds,"i just wanna say this is such a cool little project you have! this is so cute i love it"
6,TadaSuko,"This is so sweet and wholesome"
7,Nocturnal_Elexir_Owl,"I love the picture display"
8,Cream_da_rabbit,"This is such a cool thing to do! Thank you very much for giving me an idea, lol"
9,Alexandra_the_gre4t,"Love these!"
10,_Les_Bouquinistes_,"Is the site already up ? I'd like to see your collection :0"
11,RedditFireBall,"This is really fun ! Do you have any link to your website ? Or a repo if it isn't hosted"
12,everlong-isolation,"Cool!! I was going to ask about Terraria but then I saw you already did it :)"
13,HappyTurtle42,"Man,do they love their birbs."
14,chrysoprase42,"i love this"
15,StinkoDood,"Anyways this looks so cool I’m genuinely impressed!"
16,Mattyposa,"I love this!!!"
17,Consistent_Phase822,"So many birds! good job!"
18,lapinata314,"Oh wow, I love your project! I just visited the website, the Avian Atlas is really pretty. Amazing collection!"
19,PhoenyxStar,"This is gloriously absurd and I love it. Best of luck on your quest."
20,only_Q,"Cool!"
21,C8H10N4O2go,"That is incredibly wholesome haha, I don't remember any more birds sadly but this idea is really cool."
22,BabyPenguim,"this website sounds cool as heck!"
23,badatgamess,"Your project sounds so fun I just had to drop everything and go bird hunting for an hour haha!"
24,maple-honey,"I absolutely love your project omg!! I love birds too!"
25,PatrickOfLegend,"This is an excellent project. I love finding stuff like this."